{"cameraMode":{"drawMode":0,"name":"Shaded","section":"Shading Mode"},"sceneLighting":false,"audioPlay":false,"sceneViewState":{"m_AlwaysRefresh":false,"showFog":true,"showSkybox":true,"showFlares":true,"showImageEffects":true,"showParticleSystems":true,"showVisualEffectGraphs":true,"m_FxEnabled":true},"in2DMode":false,"pivot":{"x":25.37649917602539,"y":-24.760108947753908,"z":27.169410705566408},"rotation":{"x":-0.17796559631824494,"y":-0.4206140339374542,"z":0.08451694250106812,"w":-0.8856048583984375},"size":35.041954040527347,"orthographic":false}